insert into monitordb.m_securities_trader_site_info (securities_type,securities_trader_name,service_site_name,service_ip,service_port) value ("1","爱建证券","上海电信信用一","218.1.68.65","7706");
insert into monitordb.m_securities_trader_site_info (securities_type,securities_trader_name,service_site_name,service_ip,service_port) value ("1","爱建证券","宁波电信信用一","61.153.144.183","7706");
insert into monitordb.m_securities_trader_site_info (securities_type,securities_trader_name,service_site_name,service_ip,service_port) value ("1","安信证券","信用通达信交易中心1","123.126.133.10","7718");
insert into monitordb.m_securities_trader_site_info (securities_type,securities_trader_name,service_site_name,service_ip,service_port) value ("1","安信证券","信用通达信交易中心2","14.18.195.105","7718");
insert into monitordb.m_securities_trader_site_info (securities_type,securities_trader_name,service_site_name,service_ip,service_port) value ("1","安信证券","信用通达信交易中心3","121.14.104.54","7718");
insert into monitordb.m_securities_trader_site_info (securities_type,securities_trader_name,service_site_name,service_ip,service_port) value ("1","渤海证券","信用联通60.30.32.93","60.30.32.93","7708");
insert into monitordb.m_securities_trader_site_info (securities_type,securities_trader_name,service_site_name,service_ip,service_port) value ("1","渤海证券","信用天津电信221.238.141.71","221.238.141.71","7708");
insert into monitordb.m_securities_trader_site_info (securities_type,securities_trader_name,service_site_name,service_ip,service_port) value ("1","长城证券","北京电信信用主站1","124.127.120.143","7748");
insert into monitordb.m_securities_trader_site_info (securities_type,securities_trader_name,service_site_name,service_ip,service_port) value ("1","长城证券","北京网通信用主站1","123.127.225.47","7748");
insert into monitordb.m_securities_trader_site_info (securities_type,securities_trader_name,service_site_name,service_ip,service_port) value ("1","长城证券","深圳电信信用主站1","219.133.95.102","7748");
insert into monitordb.m_securities_trader_site_info (securities_type,securities_trader_name,service_site_name,service_ip,service_port) value ("1","长城证券","深圳网通信用主站1","210.21.198.233","7748");
insert into monitordb.m_securities_trader_site_info (securities_type,securities_trader_name,service_site_name,service_ip,service_port) value ("1","长江证券","长江证券信用电信武汉委托主站一","59.173.7.38","7708");
insert into monitordb.m_securities_trader_site_info (securities_type,securities_trader_name,service_site_name,service_ip,service_port) value ("1","长江证券","长江证券信用电信武汉委托主站二","119.97.142.136","7708");
insert into monitordb.m_securities_trader_site_info (securities_type,securities_trader_name,service_site_name,service_ip,service_port) value ("1","长江证券","长江证券信用电信上海委托主站","180.166.192.130","7708");
insert into monitordb.m_securities_trader_site_info (securities_type,securities_trader_name,service_site_name,service_ip,service_port) value ("1","长江证券","长江证券信用电信成都委托主站","221.236.29.36","7708");
insert into monitordb.m_securities_trader_site_info (securities_type,securities_trader_name,service_site_name,service_ip,service_port) value ("1","长江证券","长江证券信用电信深圳委托主站","119.147.80.98","7708");
insert into monitordb.m_securities_trader_site_info (securities_type,securities_trader_name,service_site_name,service_ip,service_port) value ("1","长江证券","长江证券信用网通武汉委托主站","113.57.240.16","7708");
insert into monitordb.m_securities_trader_site_info (securities_type,securities_trader_name,service_site_name,service_ip,service_port) value ("1","长江证券","长江证券信用网通郑州委托主站","123.15.61.18","7708");
insert into monitordb.m_securities_trader_site_info (securities_type,securities_trader_name,service_site_name,service_ip,service_port) value ("1","长江证券","长江证券信用网通哈尔滨委托主站","218.9.148.196","7708");
insert into monitordb.m_securities_trader_site_info (securities_type,securities_trader_name,service_site_name,service_ip,service_port) value ("1","长江证券","长江证券信用网通天津委托主站","125.39.80.98","7708");
insert into monitordb.m_securities_trader_site_info (securities_type,securities_trader_name,service_site_name,service_ip,service_port) value ("1","长江证券","长江证券信用电信武汉委托主站三","202.103.27.20","7708");
insert into monitordb.m_securities_trader_site_info (securities_type,securities_trader_name,service_site_name,service_ip,service_port) value ("1","长江证券","长江证券信用电信上海委托主站二","222.73.171.156","7708");
insert into monitordb.m_securities_trader_site_info (securities_type,securities_trader_name,service_site_name,service_ip,service_port) value ("1","长江证券","长江证券信用电信乌鲁木齐委托主站一","61.128.111.198","7708");
insert into monitordb.m_securities_trader_site_info (securities_type,securities_trader_name,service_site_name,service_ip,service_port) value ("1","长江证券","长江证券信用电信乌鲁木齐委托主站二","61.128.111.199","7708");
insert into monitordb.m_securities_trader_site_info (securities_type,securities_trader_name,service_site_name,service_ip,service_port) value ("1","长江证券","长江证券信用电信武汉委托主站四","61.183.150.136","7708");
insert into monitordb.m_securities_trader_site_info (securities_type,securities_trader_name,service_site_name,service_ip,service_port) value ("1","长江证券","长江证券信用网通武汉委托主站二","220.249.123.195","7708");
insert into monitordb.m_securities_trader_site_info (securities_type,securities_trader_name,service_site_name,service_ip,service_port) value ("1","长江证券","长江证券信用移动武汉委托主站","111.47.10.68","7708");
insert into monitordb.m_securities_trader_site_info (securities_type,securities_trader_name,service_site_name,service_ip,service_port) value ("1","长江证券","长江证券信用电信武汉委托主站443","202.103.27.8","443");
insert into monitordb.m_securities_trader_site_info (securities_type,securities_trader_name,service_site_name,service_ip,service_port) value ("1","长江证券","长江证券信用电信深圳委托主站443","119.147.80.108","443");
insert into monitordb.m_securities_trader_site_info (securities_type,securities_trader_name,service_site_name,service_ip,service_port) value ("1","长江证券","长江证券信用网通天津委托主站443","125.39.80.105","443");
insert into monitordb.m_securities_trader_site_info (securities_type,securities_trader_name,service_site_name,service_ip,service_port) value ("1","长江证券","长江证券信用网通武汉委托主站443","113.57.240.13","443");
insert into monitordb.m_securities_trader_site_info (securities_type,securities_trader_name,service_site_name,service_ip,service_port) value ("1","财富证券","财富信用交易电信1","222.240.176.148","8003");
insert into monitordb.m_securities_trader_site_info (securities_type,securities_trader_name,service_site_name,service_ip,service_port) value ("1","财富证券","财富信用交易电信2","222.243.169.220","8003");
insert into monitordb.m_securities_trader_site_info (securities_type,securities_trader_name,service_site_name,service_ip,service_port) value ("1","财富证券","财富信用交易联通1","203.93.211.94","8003");
insert into monitordb.m_securities_trader_site_info (securities_type,securities_trader_name,service_site_name,service_ip,service_port) value ("1","财富证券","财富信用交易联通2","110.53.148.32","8003");
insert into monitordb.m_securities_trader_site_info (securities_type,securities_trader_name,service_site_name,service_ip,service_port) value ("1","财通证券","滨江信用电信交易主站","60.191.116.36","7708");
insert into monitordb.m_securities_trader_site_info (securities_type,securities_trader_name,service_site_name,service_ip,service_port) value ("1","财通证券","滨江信用联通交易主站","60.12.142.37","7708");
insert into monitordb.m_securities_trader_site_info (securities_type,securities_trader_name,service_site_name,service_ip,service_port) value ("1","财通证券","解放路信用电信主站","115.238.108.58","7708");
insert into monitordb.m_securities_trader_site_info (securities_type,securities_trader_name,service_site_name,service_ip,service_port) value ("1","财通证券","解放路信用联通主站","124.160.30.135","7708");
insert into monitordb.m_securities_trader_site_info (securities_type,securities_trader_name,service_site_name,service_ip,service_port) value ("1","大通证券","融资融券电信大连1","59.46.210.222","7718");
insert into monitordb.m_securities_trader_site_info (securities_type,securities_trader_name,service_site_name,service_ip,service_port) value ("1","大通证券","融资融券联通大连1","218.61.34.7","7718");
insert into monitordb.m_securities_trader_site_info (securities_type,securities_trader_name,service_site_name,service_ip,service_port) value ("1","东兴证券","福州电信信用","120.35.26.141","7755");
insert into monitordb.m_securities_trader_site_info (securities_type,securities_trader_name,service_site_name,service_ip,service_port) value ("1","东兴证券","上海电信信用","114.80.178.210","7754");
insert into monitordb.m_securities_trader_site_info (securities_type,securities_trader_name,service_site_name,service_ip,service_port) value ("1","东兴证券","泉州电信信用","218.66.219.142","7755");
insert into monitordb.m_securities_trader_site_info (securities_type,securities_trader_name,service_site_name,service_ip,service_port) value ("1","东兴证券","北京电信信用","219.143.41.35","7755");
insert into monitordb.m_securities_trader_site_info (securities_type,securities_trader_name,service_site_name,service_ip,service_port) value ("1","东兴证券","三明电信信用","220.162.192.90","7755");
insert into monitordb.m_securities_trader_site_info (securities_type,securities_trader_name,service_site_name,service_ip,service_port) value ("1","东兴证券","北京联通信用","123.125.28.66","7755");
insert into monitordb.m_securities_trader_site_info (securities_type,securities_trader_name,service_site_name,service_ip,service_port) value ("1","东兴证券","福州联通信用","58.22.48.66","7755");
insert into monitordb.m_securities_trader_site_info (securities_type,securities_trader_name,service_site_name,service_ip,service_port) value ("1","东方证券","东方证券融资融券上海电信","114.80.145.63","7706");
insert into monitordb.m_securities_trader_site_info (securities_type,securities_trader_name,service_site_name,service_ip,service_port) value ("1","东方证券","东方证券融资融券上海联通","210.13.82.31","7706");
insert into monitordb.m_securities_trader_site_info (securities_type,securities_trader_name,service_site_name,service_ip,service_port) value ("1","东方证券","东方证券融资融券西安电信","113.142.37.104","7706");
insert into monitordb.m_securities_trader_site_info (securities_type,securities_trader_name,service_site_name,service_ip,service_port) value ("1","东方证券","东方证券融资融券西安联通","113.200.150.71","7706");
insert into monitordb.m_securities_trader_site_info (securities_type,securities_trader_name,service_site_name,service_ip,service_port) value ("1","东莞证券","东莞证券融资融券主站1","218.16.117.136","7708");
insert into monitordb.m_securities_trader_site_info (securities_type,securities_trader_name,service_site_name,service_ip,service_port) value ("1","东莞证券","东莞证券融资融券主站2","113.105.159.250","7708");
insert into monitordb.m_securities_trader_site_info (securities_type,securities_trader_name,service_site_name,service_ip,service_port) value ("1","东莞证券","东莞证券融资融券主站3","218.104.187.247","7708");
insert into monitordb.m_securities_trader_site_info (securities_type,securities_trader_name,service_site_name,service_ip,service_port) value ("1","东莞证券","东莞证券融资融券主站4","218.16.117.136","80");
insert into monitordb.m_securities_trader_site_info (securities_type,securities_trader_name,service_site_name,service_ip,service_port) value ("1","东北证券","东北证券信用长春网通","61.139.133.19","7808");
insert into monitordb.m_securities_trader_site_info (securities_type,securities_trader_name,service_site_name,service_ip,service_port) value ("1","东北证券","东北证券信用长春电信","222.169.229.82","7808");
insert into monitordb.m_securities_trader_site_info (securities_type,securities_trader_name,service_site_name,service_ip,service_port) value ("1","东北证券","东北证券信用北京双线","116.213.69.131","7808");
insert into monitordb.m_securities_trader_site_info (securities_type,securities_trader_name,service_site_name,service_ip,service_port) value ("1","东北证券","东北证券信用上海电信","222.73.209.72","7808");
insert into monitordb.m_securities_trader_site_info (securities_type,securities_trader_name,service_site_name,service_ip,service_port) value ("1","第一创业","第一创业信用交易中心(电信1)","113.108.112.144","7706");
insert into monitordb.m_securities_trader_site_info (securities_type,securities_trader_name,service_site_name,service_ip,service_port) value ("1","第一创业","第一创业信用交易中心(电信2)","113.98.239.244","7706");
insert into monitordb.m_securities_trader_site_info (securities_type,securities_trader_name,service_site_name,service_ip,service_port) value ("1","第一创业","第一创业信用交易中心(联通1)","112.95.158.14","7706");
insert into monitordb.m_securities_trader_site_info (securities_type,securities_trader_name,service_site_name,service_ip,service_port) value ("1","第一创业","第一创业信用交易中心(联通2)","210.21.210.144","7706");
insert into monitordb.m_securities_trader_site_info (securities_type,securities_trader_name,service_site_name,service_ip,service_port) value ("1","第一创业","第一创业信用交易中心(移动1)","183.239.132.38","7706");
insert into monitordb.m_securities_trader_site_info (securities_type,securities_trader_name,service_site_name,service_ip,service_port) value ("1","第一创业","第一创业信用交易中心(移动2)","120.196.127.88","7706");
insert into monitordb.m_securities_trader_site_info (securities_type,securities_trader_name,service_site_name,service_ip,service_port) value ("1","方正证券","方正证券信用交易中心","wt5.foundersc.com","7768");
insert into monitordb.m_securities_trader_site_info (securities_type,securities_trader_name,service_site_name,service_ip,service_port) value ("1","方正证券","长沙电信信用主站一","222.240.130.21","7768");
insert into monitordb.m_securities_trader_site_info (securities_type,securities_trader_name,service_site_name,service_ip,service_port) value ("1","方正证券","长沙电信信用主站二","222.247.45.187","7768");
insert into monitordb.m_securities_trader_site_info (securities_type,securities_trader_name,service_site_name,service_ip,service_port) value ("1","方正证券","长沙网通信用主站一","58.20.35.81","7768");
insert into monitordb.m_securities_trader_site_info (securities_type,securities_trader_name,service_site_name,service_ip,service_port) value ("1","方正证券","杭州电信信用主站一","122.224.113.121","7768");
insert into monitordb.m_securities_trader_site_info (securities_type,securities_trader_name,service_site_name,service_ip,service_port) value ("1","方正证券","杭州网通信用主站一","221.12.19.91","7768");
insert into monitordb.m_securities_trader_site_info (securities_type,securities_trader_name,service_site_name,service_ip,service_port) value ("1","方正证券","杭州网通信用主站二","218.108.44.151","7768");
insert into monitordb.m_securities_trader_site_info (securities_type,securities_trader_name,service_site_name,service_ip,service_port) value ("1","国盛证券","国盛证券信用交易电信站点1","111.75.208.66","7718");
insert into monitordb.m_securities_trader_site_info (securities_type,securities_trader_name,service_site_name,service_ip,service_port) value ("1","国盛证券","国盛证券信用交易电信站点2","59.63.158.246","7718");
insert into monitordb.m_securities_trader_site_info (securities_type,securities_trader_name,service_site_name,service_ip,service_port) value ("1","国盛证券","国盛证券信用交易联通站点","171.34.43.75","7718");
insert into monitordb.m_securities_trader_site_info (securities_type,securities_trader_name,service_site_name,service_ip,service_port) value ("1","国盛证券","国盛证券信用交易铁通站点","120.203.73.228","7718");
insert into monitordb.m_securities_trader_site_info (securities_type,securities_trader_name,service_site_name,service_ip,service_port) value ("1","国开证券","国开证券信用北京交易站","114.247.157.204","7708");
insert into monitordb.m_securities_trader_site_info (securities_type,securities_trader_name,service_site_name,service_ip,service_port) value ("1","国开证券","国开证券信用交易站二","58.246.199.171","7708");
insert into monitordb.m_securities_trader_site_info (securities_type,securities_trader_name,service_site_name,service_ip,service_port) value ("1","国元证券","国元证券-合肥电信融资融券","61.191.48.10","7738");
insert into monitordb.m_securities_trader_site_info (securities_type,securities_trader_name,service_site_name,service_ip,service_port) value ("1","国元证券","国元证券-上海电信融资融券","116.236.238.90","7738");
insert into monitordb.m_securities_trader_site_info (securities_type,securities_trader_name,service_site_name,service_ip,service_port) value ("1","国元证券","国元证券-深圳电信融资融券","218.17.57.120","7738");
insert into monitordb.m_securities_trader_site_info (securities_type,securities_trader_name,service_site_name,service_ip,service_port) value ("1","国元证券","国元证券-合肥联通融资融券","218.104.73.3","7738");
insert into monitordb.m_securities_trader_site_info (securities_type,securities_trader_name,service_site_name,service_ip,service_port) value ("1","国元证券","国元证券-青岛联通融资融券","123.234.72.130","7738");
insert into monitordb.m_securities_trader_site_info (securities_type,securities_trader_name,service_site_name,service_ip,service_port) value ("1","国元证券","国元证券-中国移动融资融券","221.130.130.4","7738");
insert into monitordb.m_securities_trader_site_info (securities_type,securities_trader_name,service_site_name,service_ip,service_port) value ("1","国联证券","融资融券电信主站","58.215.212.115","7708");
insert into monitordb.m_securities_trader_site_info (securities_type,securities_trader_name,service_site_name,service_ip,service_port) value ("1","国联证券","融资融券联通主站","122.97.246.18","7708");
insert into monitordb.m_securities_trader_site_info (securities_type,securities_trader_name,service_site_name,service_ip,service_port) value ("1","国联证券","融资融券移动主站","221.131.114.3","7708");
insert into monitordb.m_securities_trader_site_info (securities_type,securities_trader_name,service_site_name,service_ip,service_port) value ("1","国联证券","融资融券网通主站","58.241.9.2","7708");
insert into monitordb.m_securities_trader_site_info (securities_type,securities_trader_name,service_site_name,service_ip,service_port) value ("1","国联证券","融资融券灾备电信主站","58.215.43.179","7708");
insert into monitordb.m_securities_trader_site_info (securities_type,securities_trader_name,service_site_name,service_ip,service_port) value ("1","国联证券","融资融券灾备联通主站","112.81.159.215","7708");
insert into monitordb.m_securities_trader_site_info (securities_type,securities_trader_name,service_site_name,service_ip,service_port) value ("1","国联证券","融资融券灾备移动主站","221.178.187.18","7708");
insert into monitordb.m_securities_trader_site_info (securities_type,securities_trader_name,service_site_name,service_ip,service_port) value ("1","国海证券","融资融券南宁电信交易站点一","113.16.174.210","7708");
insert into monitordb.m_securities_trader_site_info (securities_type,securities_trader_name,service_site_name,service_ip,service_port) value ("1","国海证券","融资融券南宁电信交易站点二","113.16.174.211","7708");
insert into monitordb.m_securities_trader_site_info (securities_type,securities_trader_name,service_site_name,service_ip,service_port) value ("1","国海证券","融资融券南宁电信交易站点三","113.16.174.212","7708");
insert into monitordb.m_securities_trader_site_info (securities_type,securities_trader_name,service_site_name,service_ip,service_port) value ("1","国海证券","融资融券南宁电信交易站点四","113.16.174.213","7708");
insert into monitordb.m_securities_trader_site_info (securities_type,securities_trader_name,service_site_name,service_ip,service_port) value ("1","广发证券","信用电信主站1","121.14.6.145","7710");
insert into monitordb.m_securities_trader_site_info (securities_type,securities_trader_name,service_site_name,service_ip,service_port) value ("1","广发证券","信用电信主站2","183.63.121.94","7710");
insert into monitordb.m_securities_trader_site_info (securities_type,securities_trader_name,service_site_name,service_ip,service_port) value ("1","广发证券","信用联通主站","210.21.122.241","7710");
insert into monitordb.m_securities_trader_site_info (securities_type,securities_trader_name,service_site_name,service_ip,service_port) value ("1","广发证券","信用移动主站1","211.136.225.187","7710");
insert into monitordb.m_securities_trader_site_info (securities_type,securities_trader_name,service_site_name,service_ip,service_port) value ("1","广发证券","信用移动主站2","120.236.140.230","7710");
insert into monitordb.m_securities_trader_site_info (securities_type,securities_trader_name,service_site_name,service_ip,service_port) value ("1","广州证券","融资融券电信交易中心1","121.33.228.169","7711");
insert into monitordb.m_securities_trader_site_info (securities_type,securities_trader_name,service_site_name,service_ip,service_port) value ("1","广州证券","融资融券电信交易中心2","113.108.129.137","7711");
insert into monitordb.m_securities_trader_site_info (securities_type,securities_trader_name,service_site_name,service_ip,service_port) value ("1","广州证券","融资融券联通交易中心","210.21.63.153","7711");
insert into monitordb.m_securities_trader_site_info (securities_type,securities_trader_name,service_site_name,service_ip,service_port) value ("1","华泰证券","华泰证券信用（南京电信一）","61.132.54.83","7788");
insert into monitordb.m_securities_trader_site_info (securities_type,securities_trader_name,service_site_name,service_ip,service_port) value ("1","华泰证券","华泰证券信用（南京电信二）","202.102.53.99","7788");
insert into monitordb.m_securities_trader_site_info (securities_type,securities_trader_name,service_site_name,service_ip,service_port) value ("1","华泰证券","华泰证券信用（南京电信三）","221.231.142.3","7788");
insert into monitordb.m_securities_trader_site_info (securities_type,securities_trader_name,service_site_name,service_ip,service_port) value ("1","华泰证券","华泰证券信用（上海电信）","222.66.230.18","7788");
insert into monitordb.m_securities_trader_site_info (securities_type,securities_trader_name,service_site_name,service_ip,service_port) value ("1","华泰证券","华泰证券信用（武汉电信）","219.140.162.6","7788");
insert into monitordb.m_securities_trader_site_info (securities_type,securities_trader_name,service_site_name,service_ip,service_port) value ("1","华泰证券","华泰证券信用（天津网通）","60.30.249.118","7788");
insert into monitordb.m_securities_trader_site_info (securities_type,securities_trader_name,service_site_name,service_ip,service_port) value ("1","华泰证券","华泰证券信用（上海网通）","210.22.164.73","7788");
insert into monitordb.m_securities_trader_site_info (securities_type,securities_trader_name,service_site_name,service_ip,service_port) value ("1","华泰证券","华泰证券信用（南京网通）","221.6.26.163","7788");
insert into monitordb.m_securities_trader_site_info (securities_type,securities_trader_name,service_site_name,service_ip,service_port) value ("1","华泰证券","华泰证券信用（南京联通）","58.240.16.172","7788");
insert into monitordb.m_securities_trader_site_info (securities_type,securities_trader_name,service_site_name,service_ip,service_port) value ("1","华龙证券","华龙信用均衡主站一","tdxwt.ehlzq.com.cn","444");
insert into monitordb.m_securities_trader_site_info (securities_type,securities_trader_name,service_site_name,service_ip,service_port) value ("1","华龙证券","华龙信用均衡主站十","tdxwt.ehlzq.cn","444");
insert into monitordb.m_securities_trader_site_info (securities_type,securities_trader_name,service_site_name,service_ip,service_port) value ("1","华龙证券","华龙信用兰州电信组一","61.178.74.127","444");
insert into monitordb.m_securities_trader_site_info (securities_type,securities_trader_name,service_site_name,service_ip,service_port) value ("1","华龙证券","华龙信用兰州电信组二","61.178.220.52","444");
insert into monitordb.m_securities_trader_site_info (securities_type,securities_trader_name,service_site_name,service_ip,service_port) value ("1","华龙证券","华龙信用兰州电信组三","61.178.81.150","444");
insert into monitordb.m_securities_trader_site_info (securities_type,securities_trader_name,service_site_name,service_ip,service_port) value ("1","华龙证券","华龙信用兰州电信组四","61.178.68.15","444");
insert into monitordb.m_securities_trader_site_info (securities_type,securities_trader_name,service_site_name,service_ip,service_port) value ("1","华龙证券","华龙信用兰州电信组五","61.178.68.79","444");
insert into monitordb.m_securities_trader_site_info (securities_type,securities_trader_name,service_site_name,service_ip,service_port) value ("1","华龙证券","华龙信用兰州电信组十","61.178.110.105","444");
insert into monitordb.m_securities_trader_site_info (securities_type,securities_trader_name,service_site_name,service_ip,service_port) value ("1","华龙证券","华龙信用兰州联通组一","115.85.254.36","444");
insert into monitordb.m_securities_trader_site_info (securities_type,securities_trader_name,service_site_name,service_ip,service_port) value ("1","华龙证券","华龙信用兰州联通组十","180.95.226.86","444");
insert into monitordb.m_securities_trader_site_info (securities_type,securities_trader_name,service_site_name,service_ip,service_port) value ("1","华龙证券","华龙信用兰州移动组一","218.203.215.148","444");
insert into monitordb.m_securities_trader_site_info (securities_type,securities_trader_name,service_site_name,service_ip,service_port) value ("1","华龙证券","华龙信用兰州移动组十","111.11.146.167","444");
insert into monitordb.m_securities_trader_site_info (securities_type,securities_trader_name,service_site_name,service_ip,service_port) value ("1","华西证券","信用电信ES1","182.131.7.143","7705");
insert into monitordb.m_securities_trader_site_info (securities_type,securities_trader_name,service_site_name,service_ip,service_port) value ("1","华西证券","信用电信LH1","218.6.198.173","7705");
insert into monitordb.m_securities_trader_site_info (securities_type,securities_trader_name,service_site_name,service_ip,service_port) value ("1","华西证券","信用联通LH1","119.4.167.143","7705");
insert into monitordb.m_securities_trader_site_info (securities_type,securities_trader_name,service_site_name,service_ip,service_port) value ("1","华西证券","信用电信SZ1","113.105.78.133","7705");
insert into monitordb.m_securities_trader_site_info (securities_type,securities_trader_name,service_site_name,service_ip,service_port) value ("1","华西证券","信用电信SZ2","113.105.78.134","7705");
insert into monitordb.m_securities_trader_site_info (securities_type,securities_trader_name,service_site_name,service_ip,service_port) value ("1","华西证券","信用联通SZ1","112.95.155.13","7705");
insert into monitordb.m_securities_trader_site_info (securities_type,securities_trader_name,service_site_name,service_ip,service_port) value ("1","华西证券","信用联通SZ2","112.95.155.14","7705");
insert into monitordb.m_securities_trader_site_info (securities_type,securities_trader_name,service_site_name,service_ip,service_port) value ("1","华鑫证券","华鑫上海信用交易电信一","116.236.166.38","7708");
insert into monitordb.m_securities_trader_site_info (securities_type,securities_trader_name,service_site_name,service_ip,service_port) value ("1","华鑫证券","华鑫西安信用交易联通一","221.11.12.85","7708");
insert into monitordb.m_securities_trader_site_info (securities_type,securities_trader_name,service_site_name,service_ip,service_port) value ("1","华林证券","华林江门信用电信1","61.143.3.215","7788");
insert into monitordb.m_securities_trader_site_info (securities_type,securities_trader_name,service_site_name,service_ip,service_port) value ("1","华林证券","华林江门信用网通1","58.252.166.232","7788");
insert into monitordb.m_securities_trader_site_info (securities_type,securities_trader_name,service_site_name,service_ip,service_port) value ("1","华林证券","华林合肥信用电信1","220.178.55.87","7788");
insert into monitordb.m_securities_trader_site_info (securities_type,securities_trader_name,service_site_name,service_ip,service_port) value ("1","华林证券","华林合肥信用网通1","218.106.92.187","7788");
insert into monitordb.m_securities_trader_site_info (securities_type,securities_trader_name,service_site_name,service_ip,service_port) value ("1","华安证券","信用电信江南站","220.178.30.162","7718");
insert into monitordb.m_securities_trader_site_info (securities_type,securities_trader_name,service_site_name,service_ip,service_port) value ("1","华安证券","信用电信江北站","220.178.87.200","7718");
insert into monitordb.m_securities_trader_site_info (securities_type,securities_trader_name,service_site_name,service_ip,service_port) value ("1","华安证券","信用联通江南站","220.248.231.178","7718");
insert into monitordb.m_securities_trader_site_info (securities_type,securities_trader_name,service_site_name,service_ip,service_port) value ("1","华安证券","信用联通江北站","220.248.230.40","7718");
insert into monitordb.m_securities_trader_site_info (securities_type,securities_trader_name,service_site_name,service_ip,service_port) value ("1","华安证券","信用移动江南站","221.130.130.74","7718");
insert into monitordb.m_securities_trader_site_info (securities_type,securities_trader_name,service_site_name,service_ip,service_port) value ("1","华安证券","信用移动江北站","120.209.146.72","7718");
insert into monitordb.m_securities_trader_site_info (securities_type,securities_trader_name,service_site_name,service_ip,service_port) value ("1","华福证券","华福证券信用自动选择","tdxwt.hfzq.com.cn","8082");
insert into monitordb.m_securities_trader_site_info (securities_type,securities_trader_name,service_site_name,service_ip,service_port) value ("1","华福证券","华福证券信用福州电信","120.36.4.193","8082");
insert into monitordb.m_securities_trader_site_info (securities_type,securities_trader_name,service_site_name,service_ip,service_port) value ("1","华福证券","华福证券信用福州联通","220.249.190.234","8082");
insert into monitordb.m_securities_trader_site_info (securities_type,securities_trader_name,service_site_name,service_ip,service_port) value ("1","华福证券","华福证券信用马尾电信","27.151.115.35","8082");
insert into monitordb.m_securities_trader_site_info (securities_type,securities_trader_name,service_site_name,service_ip,service_port) value ("1","华福证券","华福证券信用马尾移动","112.5.138.151","8082");
insert into monitordb.m_securities_trader_site_info (securities_type,securities_trader_name,service_site_name,service_ip,service_port) value ("1","华融证券","华融证券融资融券交易一","211.151.33.229","7707");
insert into monitordb.m_securities_trader_site_info (securities_type,securities_trader_name,service_site_name,service_ip,service_port) value ("1","华融证券","华融上海电信融资融券主站一","114.80.76.101","7707");
insert into monitordb.m_securities_trader_site_info (securities_type,securities_trader_name,service_site_name,service_ip,service_port) value ("1","华融证券","华融上海网通融资融券主站一","60.29.235.70","7707");
insert into monitordb.m_securities_trader_site_info (securities_type,securities_trader_name,service_site_name,service_ip,service_port) value ("1","华融证券","华融成都融资融券主站一","125.64.41.105","7707");
insert into monitordb.m_securities_trader_site_info (securities_type,securities_trader_name,service_site_name,service_ip,service_port) value ("1","华融证券","华融长沙融资融券主站一","124.232.136.182","7707");
insert into monitordb.m_securities_trader_site_info (securities_type,securities_trader_name,service_site_name,service_ip,service_port) value ("1","华融证券","华融证券交易融资融券二","219.143.202.11","7707");
insert into monitordb.m_securities_trader_site_info (securities_type,securities_trader_name,service_site_name,service_ip,service_port) value ("1","宏信证券","RQRZ-电信信用","222.211.87.157","7706");
insert into monitordb.m_securities_trader_site_info (securities_type,securities_trader_name,service_site_name,service_ip,service_port) value ("1","宏信证券","RQRZ-网通信用","124.161.97.58","7706");
insert into monitordb.m_securities_trader_site_info (securities_type,securities_trader_name,service_site_name,service_ip,service_port) value ("1","宏源证券","信用交易主站(北京电信)","219.143.219.241","7708");
insert into monitordb.m_securities_trader_site_info (securities_type,securities_trader_name,service_site_name,service_ip,service_port) value ("1","宏源证券","信用交易主站(北京联通)","123.127.243.16","7708");
insert into monitordb.m_securities_trader_site_info (securities_type,securities_trader_name,service_site_name,service_ip,service_port) value ("1","宏源证券","信用交易主站(新疆电信)","61.138.232.25","7708");
insert into monitordb.m_securities_trader_site_info (securities_type,securities_trader_name,service_site_name,service_ip,service_port) value ("1","宏源证券","信用交易主站(新疆联通)","60.13.174.69","7708");
insert into monitordb.m_securities_trader_site_info (securities_type,securities_trader_name,service_site_name,service_ip,service_port) value ("1","宏源证券","信用交易主站80(北京联通)","123.127.243.20","80");
insert into monitordb.m_securities_trader_site_info (securities_type,securities_trader_name,service_site_name,service_ip,service_port) value ("1","宏源证券","信用交易主站80(新疆电信)","61.138.237.132","80");
insert into monitordb.m_securities_trader_site_info (securities_type,securities_trader_name,service_site_name,service_ip,service_port) value ("1","红塔证券","红塔证券信用交易中心一(电信)","61.138.203.12","7708");
insert into monitordb.m_securities_trader_site_info (securities_type,securities_trader_name,service_site_name,service_ip,service_port) value ("1","红塔证券","红塔证券信用交易中心一(网通)","221.213.40.123","7708");
insert into monitordb.m_securities_trader_site_info (securities_type,securities_trader_name,service_site_name,service_ip,service_port) value ("1","红塔证券","红塔证券信用交易中心二(电信)","61.138.203.12","7707");
insert into monitordb.m_securities_trader_site_info (securities_type,securities_trader_name,service_site_name,service_ip,service_port) value ("1","红塔证券","红塔证券信用交易中心二(网通)","221.213.40.123","7707");
insert into monitordb.m_securities_trader_site_info (securities_type,securities_trader_name,service_site_name,service_ip,service_port) value ("1","红塔证券","红塔证券信用交易中心三(电信)","202.136.213.107","7706");
insert into monitordb.m_securities_trader_site_info (securities_type,securities_trader_name,service_site_name,service_ip,service_port) value ("1","红塔证券","红塔证券信用交易中心三(网通)","202.136.223.115","7706");
insert into monitordb.m_securities_trader_site_info (securities_type,securities_trader_name,service_site_name,service_ip,service_port) value ("1","红塔证券","红塔证券信用交易中心四(电信)","202.136.213.107","7705");
insert into monitordb.m_securities_trader_site_info (securities_type,securities_trader_name,service_site_name,service_ip,service_port) value ("1","红塔证券","红塔证券信用交易中心五(电信)","202.136.213.107","7704");
insert into monitordb.m_securities_trader_site_info (securities_type,securities_trader_name,service_site_name,service_ip,service_port) value ("1","红塔证券","红塔证券信用交易中心六(电信)","61.138.203.12","7703");
insert into monitordb.m_securities_trader_site_info (securities_type,securities_trader_name,service_site_name,service_ip,service_port) value ("1","红塔证券","红塔证券信用交易中心七(电信)","61.138.203.12","7702");
insert into monitordb.m_securities_trader_site_info (securities_type,securities_trader_name,service_site_name,service_ip,service_port) value ("1","红塔证券","红塔证券信用交易中心八(电信)","61.138.203.12","7701");
insert into monitordb.m_securities_trader_site_info (securities_type,securities_trader_name,service_site_name,service_ip,service_port) value ("1","海通证券","海通信用电信上海","218.80.248.229","7706");
insert into monitordb.m_securities_trader_site_info (securities_type,securities_trader_name,service_site_name,service_ip,service_port) value ("1","海通证券","海通信用新联通上海","210.13.78.154","7706");
insert into monitordb.m_securities_trader_site_info (securities_type,securities_trader_name,service_site_name,service_ip,service_port) value ("1","海通证券","海通信用外高桥电信","124.74.236.94","7706");
insert into monitordb.m_securities_trader_site_info (securities_type,securities_trader_name,service_site_name,service_ip,service_port) value ("1","海通证券","海通信用外高桥联通","58.246.109.27","7706");
insert into monitordb.m_securities_trader_site_info (securities_type,securities_trader_name,service_site_name,service_ip,service_port) value ("1","恒泰证券","呼市联通信用交易主站1","202.99.230.133","7738");
insert into monitordb.m_securities_trader_site_info (securities_type,securities_trader_name,service_site_name,service_ip,service_port) value ("1","恒泰证券","呼市电信信用交易主站2","222.74.10.73","7738");
insert into monitordb.m_securities_trader_site_info (securities_type,securities_trader_name,service_site_name,service_ip,service_port) value ("1","恒泰证券","上海电信信用交易主站1","116.228.223.187","7738");
insert into monitordb.m_securities_trader_site_info (securities_type,securities_trader_name,service_site_name,service_ip,service_port) value ("1","恒泰证券","上海联通信用交易主站2","211.95.98.141","7738");
insert into monitordb.m_securities_trader_site_info (securities_type,securities_trader_name,service_site_name,service_ip,service_port) value ("1","江海证券","哈尔滨电信信用一","222.171.164.13","7788");
insert into monitordb.m_securities_trader_site_info (securities_type,securities_trader_name,service_site_name,service_ip,service_port) value ("1","江海证券","哈尔滨网通信用一","61.158.42.13","7788");
insert into monitordb.m_securities_trader_site_info (securities_type,securities_trader_name,service_site_name,service_ip,service_port) value ("1","江海证券","哈尔滨网通信用二","113.6.242.13","7788");
insert into monitordb.m_securities_trader_site_info (securities_type,securities_trader_name,service_site_name,service_ip,service_port) value ("1","江海证券","上海电信信用一","203.110.166.87","7788");
insert into monitordb.m_securities_trader_site_info (securities_type,securities_trader_name,service_site_name,service_ip,service_port) value ("1","金元证券","深圳融资融券交易中心","218.17.218.225","7707");
insert into monitordb.m_securities_trader_site_info (securities_type,securities_trader_name,service_site_name,service_ip,service_port) value ("1","金元证券","海口融资融券交易中心","202.100.222.140","7707");
insert into monitordb.m_securities_trader_site_info (securities_type,securities_trader_name,service_site_name,service_ip,service_port) value ("1","九州证券","九州证券信用交易深圳电信站","202.105.142.4","7707");
insert into monitordb.m_securities_trader_site_info (securities_type,securities_trader_name,service_site_name,service_ip,service_port) value ("1","九州证券","九州证券信用交易深圳联通站","58.251.25.177","7707");
insert into monitordb.m_securities_trader_site_info (securities_type,securities_trader_name,service_site_name,service_ip,service_port) value ("1","九州证券","九州证券信用交易北京站","58.30.17.206","7707");
insert into monitordb.m_securities_trader_site_info (securities_type,securities_trader_name,service_site_name,service_ip,service_port) value ("1","开源证券","开源证券信用交易中心1","1.85.40.227","7708");
insert into monitordb.m_securities_trader_site_info (securities_type,securities_trader_name,service_site_name,service_ip,service_port) value ("1","开源证券","开源证券信用交易中心2","61.150.107.9","80");
insert into monitordb.m_securities_trader_site_info (securities_type,securities_trader_name,service_site_name,service_ip,service_port) value ("1","开源证券","开源证券信用交易中心3","221.11.57.43","80");
insert into monitordb.m_securities_trader_site_info (securities_type,securities_trader_name,service_site_name,service_ip,service_port) value ("1","开源证券","开源证券信用交易中心4","111.20.162.154","7708");
insert into monitordb.m_securities_trader_site_info (securities_type,securities_trader_name,service_site_name,service_ip,service_port) value ("1","联讯证券","信用交易电信委托总站","125.93.31.126","7778");
insert into monitordb.m_securities_trader_site_info (securities_type,securities_trader_name,service_site_name,service_ip,service_port) value ("1","联讯证券","信用交易联通委托总站","221.4.229.162","7778");
insert into monitordb.m_securities_trader_site_info (securities_type,securities_trader_name,service_site_name,service_ip,service_port) value ("1","联讯证券","信用交易沈阳联通分站","218.24.109.43","7778");
insert into monitordb.m_securities_trader_site_info (securities_type,securities_trader_name,service_site_name,service_ip,service_port) value ("1","联讯证券","信用交易沈阳电信分站","59.46.85.27","7778");
insert into monitordb.m_securities_trader_site_info (securities_type,securities_trader_name,service_site_name,service_ip,service_port) value ("1","民族证券","民族北京联通信用交易","124.205.7.202","7788");
insert into monitordb.m_securities_trader_site_info (securities_type,securities_trader_name,service_site_name,service_ip,service_port) value ("1","民族证券","民族北京电信信用交易","118.186.132.74","7788");
insert into monitordb.m_securities_trader_site_info (securities_type,securities_trader_name,service_site_name,service_ip,service_port) value ("1","民族证券","民族上海电信信用交易","222.73.111.29","7788");
insert into monitordb.m_securities_trader_site_info (securities_type,securities_trader_name,service_site_name,service_ip,service_port) value ("1","民族证券","民族沈阳联通信用交易","218.25.68.20","7788");
insert into monitordb.m_securities_trader_site_info (securities_type,securities_trader_name,service_site_name,service_ip,service_port) value ("1","民族证券","民族广州电信信用交易","113.108.219.58","7788");
insert into monitordb.m_securities_trader_site_info (securities_type,securities_trader_name,service_site_name,service_ip,service_port) value ("1","民族证券","民族深圳电信信用交易","183.62.220.140","7788");
insert into monitordb.m_securities_trader_site_info (securities_type,securities_trader_name,service_site_name,service_ip,service_port) value ("1","民族证券","民族成都电信信用交易","61.139.77.51","7788");
insert into monitordb.m_securities_trader_site_info (securities_type,securities_trader_name,service_site_name,service_ip,service_port) value ("1","民族证券","民族新疆电信信用交易","124.117.242.10","7788");
insert into monitordb.m_securities_trader_site_info (securities_type,securities_trader_name,service_site_name,service_ip,service_port) value ("1","南京证券","南京证券融资融券交易中心1","218.94.36.189","8899");
insert into monitordb.m_securities_trader_site_info (securities_type,securities_trader_name,service_site_name,service_ip,service_port) value ("1","南京证券","南京证券融资融券交易中心2","222.190.123.66","8899");
insert into monitordb.m_securities_trader_site_info (securities_type,securities_trader_name,service_site_name,service_ip,service_port) value ("1","南京证券","南京证券融资融券交易中心3","221.6.37.51","8899");
insert into monitordb.m_securities_trader_site_info (securities_type,securities_trader_name,service_site_name,service_ip,service_port) value ("1","首创证券","北京联通信用交易站点一","114.255.30.147","7798");
insert into monitordb.m_securities_trader_site_info (securities_type,securities_trader_name,service_site_name,service_ip,service_port) value ("1","首创证券","北京电信信用交易站点二","219.143.38.93","7798");
insert into monitordb.m_securities_trader_site_info (securities_type,securities_trader_name,service_site_name,service_ip,service_port) value ("1","首创证券","深圳联通信用交易站点三","112.95.155.70","7798");
insert into monitordb.m_securities_trader_site_info (securities_type,securities_trader_name,service_site_name,service_ip,service_port) value ("1","首创证券","深圳电信信用交易站点四","113.108.119.101","7798");
insert into monitordb.m_securities_trader_site_info (securities_type,securities_trader_name,service_site_name,service_ip,service_port) value ("1","上海证券","信用交易上海电信中心一","116.228.229.57","7706");
insert into monitordb.m_securities_trader_site_info (securities_type,securities_trader_name,service_site_name,service_ip,service_port) value ("1","上海证券","信用交易上海电信中心二","222.68.178.244","7706");
insert into monitordb.m_securities_trader_site_info (securities_type,securities_trader_name,service_site_name,service_ip,service_port) value ("1","上海证券","信用交易温州电信中心一","202.107.221.228","7706");
insert into monitordb.m_securities_trader_site_info (securities_type,securities_trader_name,service_site_name,service_ip,service_port) value ("1","上海证券","信用交易上海网通中心一","58.246.149.186","7706");
insert into monitordb.m_securities_trader_site_info (securities_type,securities_trader_name,service_site_name,service_ip,service_port) value ("1","太平洋","太平洋信用昆明交易中心_电信","116.52.1.50","7708");
insert into monitordb.m_securities_trader_site_info (securities_type,securities_trader_name,service_site_name,service_ip,service_port) value ("1","太平洋","太平洋信用昆明交易中心_联通","221.213.85.18","7708");
insert into monitordb.m_securities_trader_site_info (securities_type,securities_trader_name,service_site_name,service_ip,service_port) value ("1","太平洋","太平洋信用温州交易中心_电信","61.164.105.251","7708");
insert into monitordb.m_securities_trader_site_info (securities_type,securities_trader_name,service_site_name,service_ip,service_port) value ("1","太平洋","太平洋信用泰安交易中心_联通","123.135.125.178","7708");
insert into monitordb.m_securities_trader_site_info (securities_type,securities_trader_name,service_site_name,service_ip,service_port) value ("1","太平洋","太平洋信用上海交易中心_电信","180.169.59.2","7708");
insert into monitordb.m_securities_trader_site_info (securities_type,securities_trader_name,service_site_name,service_ip,service_port) value ("1","太平洋","信用电信绿色通道(仅网络访问受限时选用)","116.52.1.50","443");
insert into monitordb.m_securities_trader_site_info (securities_type,securities_trader_name,service_site_name,service_ip,service_port) value ("1","太平洋","信用联通绿色通道(仅网络访问受限时选用)","221.213.85.18","443");
insert into monitordb.m_securities_trader_site_info (securities_type,securities_trader_name,service_site_name,service_ip,service_port) value ("1","天风证券","天风证券信用交易_电信(深圳)","119.145.0.39","7707");
insert into monitordb.m_securities_trader_site_info (securities_type,securities_trader_name,service_site_name,service_ip,service_port) value ("1","天风证券","天风证券信用交易_网通(深圳)","210.21.227.115","7707");
insert into monitordb.m_securities_trader_site_info (securities_type,securities_trader_name,service_site_name,service_ip,service_port) value ("1","天风证券","天风证券信用交易_电信(武汉)","119.97.223.115","7707");
insert into monitordb.m_securities_trader_site_info (securities_type,securities_trader_name,service_site_name,service_ip,service_port) value ("1","天风证券","天风证券信用交易_网通(武汉)","113.57.200.51","7707");
insert into monitordb.m_securities_trader_site_info (securities_type,securities_trader_name,service_site_name,service_ip,service_port) value ("1","万联证券","万联信用交易主站1","119.147.172.176","7708");
insert into monitordb.m_securities_trader_site_info (securities_type,securities_trader_name,service_site_name,service_ip,service_port) value ("1","万联证券","万联信用交易主站2","59.41.59.202","7708");
insert into monitordb.m_securities_trader_site_info (securities_type,securities_trader_name,service_site_name,service_ip,service_port) value ("1","五矿证券","五矿证券信用委托主战一","59.40.79.53","443");
insert into monitordb.m_securities_trader_site_info (securities_type,securities_trader_name,service_site_name,service_ip,service_port) value ("1","五矿证券","五矿证券信用委托主战二","58.251.9.52","443");
insert into monitordb.m_securities_trader_site_info (securities_type,securities_trader_name,service_site_name,service_ip,service_port) value ("1","西南证券","融资融券站点电信1","222.178.70.12","7706");
insert into monitordb.m_securities_trader_site_info (securities_type,securities_trader_name,service_site_name,service_ip,service_port) value ("1","西南证券","融资融券站点网通1","221.5.148.227","7706");
insert into monitordb.m_securities_trader_site_info (securities_type,securities_trader_name,service_site_name,service_ip,service_port) value ("1","西部证券","西安电信信用交易中心一","218.30.15.174","443");
insert into monitordb.m_securities_trader_site_info (securities_type,securities_trader_name,service_site_name,service_ip,service_port) value ("1","西部证券","西安电信信用交易中心二","124.114.202.194","443");
insert into monitordb.m_securities_trader_site_info (securities_type,securities_trader_name,service_site_name,service_ip,service_port) value ("1","西部证券","西安电信信用交易中心三","117.34.12.5","443");
insert into monitordb.m_securities_trader_site_info (securities_type,securities_trader_name,service_site_name,service_ip,service_port) value ("1","西部证券","西安网通信用交易中心一","123.138.29.71","443");
insert into monitordb.m_securities_trader_site_info (securities_type,securities_trader_name,service_site_name,service_ip,service_port) value ("1","西部证券","西安网通信用交易中心二","221.11.60.56","443");
insert into monitordb.m_securities_trader_site_info (securities_type,securities_trader_name,service_site_name,service_ip,service_port) value ("1","新时代","新时代上海信用交易中心","202.136.209.15","7708");
insert into monitordb.m_securities_trader_site_info (securities_type,securities_trader_name,service_site_name,service_ip,service_port) value ("1","新时代","新时代北京信用交易中心","114.247.26.136","7708");
insert into monitordb.m_securities_trader_site_info (securities_type,securities_trader_name,service_site_name,service_ip,service_port) value ("1","湘财证券","上海铁通信用交易一站","222.44.80.107","7708");
insert into monitordb.m_securities_trader_site_info (securities_type,securities_trader_name,service_site_name,service_ip,service_port) value ("1","湘财证券","上海铁通信用交易二站","222.44.80.106","7708");
insert into monitordb.m_securities_trader_site_info (securities_type,securities_trader_name,service_site_name,service_ip,service_port) value ("1","湘财证券","长沙电信信用交易站","124.232.155.76","7708");
insert into monitordb.m_securities_trader_site_info (securities_type,securities_trader_name,service_site_name,service_ip,service_port) value ("1","湘财证券","上海电信信用交易站","116.228.149.86","7708");
insert into monitordb.m_securities_trader_site_info (securities_type,securities_trader_name,service_site_name,service_ip,service_port) value ("1","湘财证券","长沙联通信用交易站","58.20.55.61","7708");
insert into monitordb.m_securities_trader_site_info (securities_type,securities_trader_name,service_site_name,service_ip,service_port) value ("1","湘财证券","北京联通信用交易站","202.108.196.69","80");
insert into monitordb.m_securities_trader_site_info (securities_type,securities_trader_name,service_site_name,service_ip,service_port) value ("1","信达证券","信用北方联通","202.110.55.181","7716");
insert into monitordb.m_securities_trader_site_info (securities_type,securities_trader_name,service_site_name,service_ip,service_port) value ("1","信达证券","信用北方电信","59.46.84.78","7716");
insert into monitordb.m_securities_trader_site_info (securities_type,securities_trader_name,service_site_name,service_ip,service_port) value ("1","信达证券","信用南方联通","210.83.231.248","443");
insert into monitordb.m_securities_trader_site_info (securities_type,securities_trader_name,service_site_name,service_ip,service_port) value ("1","信达证券","信用南方电信","121.34.252.212","443");
insert into monitordb.m_securities_trader_site_info (securities_type,securities_trader_name,service_site_name,service_ip,service_port) value ("1","信达证券","信用绿色通道1","210.83.231.248","443");
insert into monitordb.m_securities_trader_site_info (securities_type,securities_trader_name,service_site_name,service_ip,service_port) value ("1","信达证券","信用绿色通道2","121.34.252.212","443");
insert into monitordb.m_securities_trader_site_info (securities_type,securities_trader_name,service_site_name,service_ip,service_port) value ("1","英大证券","融资融券电信","121.15.7.66","7707");
insert into monitordb.m_securities_trader_site_info (securities_type,securities_trader_name,service_site_name,service_ip,service_port) value ("1","英大证券","融资融券联通","58.251.50.36","7707");
insert into monitordb.m_securities_trader_site_info (securities_type,securities_trader_name,service_site_name,service_ip,service_port) value ("1","银泰证券","深圳信用电信站点","121.15.4.125","7707");
insert into monitordb.m_securities_trader_site_info (securities_type,securities_trader_name,service_site_name,service_ip,service_port) value ("1","银泰证券","深圳信用联通站点","58.251.25.174","7707");
insert into monitordb.m_securities_trader_site_info (securities_type,securities_trader_name,service_site_name,service_ip,service_port) value ("1","银泰证券","无锡信用电信站点","222.191.248.50","7707");
insert into monitordb.m_securities_trader_site_info (securities_type,securities_trader_name,service_site_name,service_ip,service_port) value ("1","银泰证券","无锡信用联通站点","122.192.70.2","7707");
insert into monitordb.m_securities_trader_site_info (securities_type,securities_trader_name,service_site_name,service_ip,service_port) value ("1","银河证券","银河融资融券北京电信","219.143.214.201","7708");
insert into monitordb.m_securities_trader_site_info (securities_type,securities_trader_name,service_site_name,service_ip,service_port) value ("1","银河证券","银河融资融券北京联通","114.251.2.73","7708");
insert into monitordb.m_securities_trader_site_info (securities_type,securities_trader_name,service_site_name,service_ip,service_port) value ("1","银河证券","银河融资融券上海电信","124.74.242.153","7708");
insert into monitordb.m_securities_trader_site_info (securities_type,securities_trader_name,service_site_name,service_ip,service_port) value ("1","银河证券","银河融资融券广州电信","113.108.128.106","7708");
insert into monitordb.m_securities_trader_site_info (securities_type,securities_trader_name,service_site_name,service_ip,service_port) value ("1","银河证券","银河融资融券杭州电信","60.191.110.215","443");
insert into monitordb.m_securities_trader_site_info (securities_type,securities_trader_name,service_site_name,service_ip,service_port) value ("1","银河证券","银河融资融券杭州联通","218.108.13.245","443");
insert into monitordb.m_securities_trader_site_info (securities_type,securities_trader_name,service_site_name,service_ip,service_port) value ("1","银河证券","银河融资融券宁波电信","115.238.180.23","7708");
insert into monitordb.m_securities_trader_site_info (securities_type,securities_trader_name,service_site_name,service_ip,service_port) value ("1","银河证券","银河融资融券宁波联通","221.12.53.52","7708");
insert into monitordb.m_securities_trader_site_info (securities_type,securities_trader_name,service_site_name,service_ip,service_port) value ("1","银河证券","银河融资融券宁波信息港","221.136.93.18","7708");
insert into monitordb.m_securities_trader_site_info (securities_type,securities_trader_name,service_site_name,service_ip,service_port) value ("1","招商证券","招商深圳信用电信1","183.62.101.59","443");
insert into monitordb.m_securities_trader_site_info (securities_type,securities_trader_name,service_site_name,service_ip,service_port) value ("1","招商证券","招商深圳信用电信2","183.62.98.28","7708");
insert into monitordb.m_securities_trader_site_info (securities_type,securities_trader_name,service_site_name,service_ip,service_port) value ("1","招商证券","招商深圳信用联通1","58.251.16.166","443");
insert into monitordb.m_securities_trader_site_info (securities_type,securities_trader_name,service_site_name,service_ip,service_port) value ("1","招商证券","招商深圳信用联通2","210.21.232.120","7708");
insert into monitordb.m_securities_trader_site_info (securities_type,securities_trader_name,service_site_name,service_ip,service_port) value ("1","招商证券","招商深圳信用移动","211.139.150.5","443");
insert into monitordb.m_securities_trader_site_info (securities_type,securities_trader_name,service_site_name,service_ip,service_port) value ("1","招商证券","招商北京信用联通","202.106.83.231","7708");
insert into monitordb.m_securities_trader_site_info (securities_type,securities_trader_name,service_site_name,service_ip,service_port) value ("1","招商证券","招商北京信用移动","221.130.42.55","7708");
insert into monitordb.m_securities_trader_site_info (securities_type,securities_trader_name,service_site_name,service_ip,service_port) value ("1","招商证券","招商上海信用电信1","180.166.64.94","443");
insert into monitordb.m_securities_trader_site_info (securities_type,securities_trader_name,service_site_name,service_ip,service_port) value ("1","招商证券","招商上海信用电信2","180.166.64.94","80");
insert into monitordb.m_securities_trader_site_info (securities_type,securities_trader_name,service_site_name,service_ip,service_port) value ("1","招商证券","招商上海信用联通1","140.206.87.6","443");
insert into monitordb.m_securities_trader_site_info (securities_type,securities_trader_name,service_site_name,service_ip,service_port) value ("1","招商证券","招商上海信用联通2","140.206.87.6","80");
insert into monitordb.m_securities_trader_site_info (securities_type,securities_trader_name,service_site_name,service_ip,service_port) value ("1","招商证券","招商上海信用移动1","117.143.80.200","443");
insert into monitordb.m_securities_trader_site_info (securities_type,securities_trader_name,service_site_name,service_ip,service_port) value ("1","招商证券","招商上海信用移动2","117.143.80.200","80");
insert into monitordb.m_securities_trader_site_info (securities_type,securities_trader_name,service_site_name,service_ip,service_port) value ("1","中银国际","上海电信信用交易中心","114.80.128.75","7708");
insert into monitordb.m_securities_trader_site_info (securities_type,securities_trader_name,service_site_name,service_ip,service_port) value ("1","中银国际","上海联通信用交易中心","210.51.39.225","7708");
insert into monitordb.m_securities_trader_site_info (securities_type,securities_trader_name,service_site_name,service_ip,service_port) value ("1","中投证券","信用期信电信IP1","61.144.233.101","443");
insert into monitordb.m_securities_trader_site_info (securities_type,securities_trader_name,service_site_name,service_ip,service_port) value ("1","中投证券","信用期信电信IP2","121.15.173.109","443");
insert into monitordb.m_securities_trader_site_info (securities_type,securities_trader_name,service_site_name,service_ip,service_port) value ("1","中投证券","信用期信联通IP1","58.251.33.227","443");
insert into monitordb.m_securities_trader_site_info (securities_type,securities_trader_name,service_site_name,service_ip,service_port) value ("1","中投证券","信用期信联通IP2","58.251.16.82","443");
insert into monitordb.m_securities_trader_site_info (securities_type,securities_trader_name,service_site_name,service_ip,service_port) value ("1","中投证券","信用期信域名","xyjy.cjis.cn","443");
insert into monitordb.m_securities_trader_site_info (securities_type,securities_trader_name,service_site_name,service_ip,service_port) value ("1","中航证券","中航证券信用深圳电信","61.144.205.106","7738");
insert into monitordb.m_securities_trader_site_info (securities_type,securities_trader_name,service_site_name,service_ip,service_port) value ("1","中航证券","中航证券信用深圳联通","58.251.8.106","7738");
insert into monitordb.m_securities_trader_site_info (securities_type,securities_trader_name,service_site_name,service_ip,service_port) value ("1","中航证券","中航证券信用南昌电信","117.40.140.130","7738");
insert into monitordb.m_securities_trader_site_info (securities_type,securities_trader_name,service_site_name,service_ip,service_port) value ("1","中航证券","中航证券信用南昌联通","220.248.217.2","7738");
insert into monitordb.m_securities_trader_site_info (securities_type,securities_trader_name,service_site_name,service_ip,service_port) value ("1","中航证券","中航证券信用杭州电信","115.236.67.67","7738");
insert into monitordb.m_securities_trader_site_info (securities_type,securities_trader_name,service_site_name,service_ip,service_port) value ("1","中航证券","中航证券信用杭州网通","218.108.37.67","7738");
insert into monitordb.m_securities_trader_site_info (securities_type,securities_trader_name,service_site_name,service_ip,service_port) value ("1","中航证券","中航证券信用杭州联通","123.157.216.117","7738");
insert into monitordb.m_securities_trader_site_info (securities_type,securities_trader_name,service_site_name,service_ip,service_port) value ("1","中航证券","中航证券信用昆明电信","112.112.17.100","7738");
insert into monitordb.m_securities_trader_site_info (securities_type,securities_trader_name,service_site_name,service_ip,service_port) value ("1","中航证券","中航证券信用昆明联通","221.213.37.196","7738");
insert into monitordb.m_securities_trader_site_info (securities_type,securities_trader_name,service_site_name,service_ip,service_port) value ("1","中航证券","中航证券信用北京站一","124.207.13.76","7738");
insert into monitordb.m_securities_trader_site_info (securities_type,securities_trader_name,service_site_name,service_ip,service_port) value ("1","中航证券","中航证券信用北京站二","211.103.195.16","7738");
insert into monitordb.m_securities_trader_site_info (securities_type,securities_trader_name,service_site_name,service_ip,service_port) value ("1","中信证券","信用上海电信主站Z1","180.153.18.180","7708");
insert into monitordb.m_securities_trader_site_info (securities_type,securities_trader_name,service_site_name,service_ip,service_port) value ("1","中信证券","信用深圳电信主站Z1","119.147.92.77","7708");
insert into monitordb.m_securities_trader_site_info (securities_type,securities_trader_name,service_site_name,service_ip,service_port) value ("1","中信证券","信用北京联通主站Z1","202.108.253.186","7708");
insert into monitordb.m_securities_trader_site_info (securities_type,securities_trader_name,service_site_name,service_ip,service_port) value ("1","中信证券","信用杭州华数主站J1","218.108.98.248","7708");
insert into monitordb.m_securities_trader_site_info (securities_type,securities_trader_name,service_site_name,service_ip,service_port) value ("1","中信浙江","信用上海电信主站Z1","180.153.18.180","7708");
insert into monitordb.m_securities_trader_site_info (securities_type,securities_trader_name,service_site_name,service_ip,service_port) value ("1","中信浙江","信用上海电信主站Z2","180.153.18.184","7708");
insert into monitordb.m_securities_trader_site_info (securities_type,securities_trader_name,service_site_name,service_ip,service_port) value ("1","中信浙江","信用深圳电信主站Z1","116.7.237.81","7708");
insert into monitordb.m_securities_trader_site_info (securities_type,securities_trader_name,service_site_name,service_ip,service_port) value ("1","中信浙江","信用北京联通主站Z1","202.108.253.186","7708");
insert into monitordb.m_securities_trader_site_info (securities_type,securities_trader_name,service_site_name,service_ip,service_port) value ("1","中信浙江","信用杭州华数主站J1","218.108.98.248","7708");
insert into monitordb.m_securities_trader_site_info (securities_type,securities_trader_name,service_site_name,service_ip,service_port) value ("1","中信浙江","信用杭州电信主站J1","115.238.56.181","7708");
insert into monitordb.m_securities_trader_site_info (securities_type,securities_trader_name,service_site_name,service_ip,service_port) value ("1","中信浙江","信用杭州联通主站J1","124.160.88.188","7708");
insert into monitordb.m_securities_trader_site_info (securities_type,securities_trader_name,service_site_name,service_ip,service_port) value ("1","中信浙江","信用青岛联通主站W1","218.58.76.77","7708");
insert into monitordb.m_securities_trader_site_info (securities_type,securities_trader_name,service_site_name,service_ip,service_port) value ("1","中信浙江","信用青岛联通主站W2","221.3.11.116","7708");
insert into monitordb.m_securities_trader_site_info (securities_type,securities_trader_name,service_site_name,service_ip,service_port) value ("1","中信万通","信用上海电信主站Z1","180.153.18.180","7708");
insert into monitordb.m_securities_trader_site_info (securities_type,securities_trader_name,service_site_name,service_ip,service_port) value ("1","中信万通","信用北京联通主站Z1","202.108.253.186","7708");
insert into monitordb.m_securities_trader_site_info (securities_type,securities_trader_name,service_site_name,service_ip,service_port) value ("1","中信万通","信用杭州华数主站J1","218.108.98.248","7708");
insert into monitordb.m_securities_trader_site_info (securities_type,securities_trader_name,service_site_name,service_ip,service_port) value ("1","中金证券","中金证券融资融券一","1.202.164.46","7708");
insert into monitordb.m_securities_trader_site_info (securities_type,securities_trader_name,service_site_name,service_ip,service_port) value ("1","中金证券","中金证券融资融券二","1.202.164.47","7708");
insert into monitordb.m_securities_trader_site_info (securities_type,securities_trader_name,service_site_name,service_ip,service_port) value ("1","中原证券","中原证券信用北环电信","222.88.7.119","7718");
insert into monitordb.m_securities_trader_site_info (securities_type,securities_trader_name,service_site_name,service_ip,service_port) value ("1","中原证券","中原证券信用北环联通","218.29.101.53","7718");
insert into monitordb.m_securities_trader_site_info (securities_type,securities_trader_name,service_site_name,service_ip,service_port) value ("1","中原证券","中原证券信用北环铁通","222.40.41.245","7718");
insert into monitordb.m_securities_trader_site_info (securities_type,securities_trader_name,service_site_name,service_ip,service_port) value ("1","中原证券","中原证券信用东区联通","218.29.103.125","7718");
insert into monitordb.m_securities_trader_site_info (securities_type,securities_trader_name,service_site_name,service_ip,service_port) value ("1","中原证券","中原证券信用东区电信","222.85.95.145","7718");
insert into monitordb.m_securities_trader_site_info (securities_type,securities_trader_name,service_site_name,service_ip,service_port) value ("1","浙商证券","信用滨江电信地址","122.224.66.110","7715");
insert into monitordb.m_securities_trader_site_info (securities_type,securities_trader_name,service_site_name,service_ip,service_port) value ("1","浙商证券","信用网通地址","124.160.61.198","7715");
insert into monitordb.m_securities_trader_site_info (securities_type,securities_trader_name,service_site_name,service_ip,service_port) value ("1","浙商证券","浙商证券信用阿里云站","121.43.73.200","7715");